<?xml version="1.0"?>
<skinlf-themepack require="1.2.8">

  <!--
    Information about this themepack
  -->
  <property name="skin.name"
	    value="XMas"/>
  <property name="skin.description"
	    value="Christmas Skin by admaDIC"/>
  <property name="skin.url"
	    value="http://www.admadic.de/"/>

  <!--
    SkinLF custom properties
  -->
  <property name="JDesktopPane.backgroundEnabled" value="false" />
  <property name="JSplitPane.alternateUI" value="true" />
  <property name="PopupMenu.animation" value="false" />

  <!--
    Fonts
  -->
  <font name="Global" value="SansSerif,0,11"/>
  <font name="InternalFrame.titleFont" value="Tahoma,1,11"/>
  <font name="TabbedPane.font" value="Tahoma,0,11"/>
  <font name="MenuBar.font" value="Tahoma,0,11"/>
  <font name="MenuItem.font" value="Tahoma,0,11"/>
  <font name="PopupMenu.font" value="Tahoma,0,11"/>
  <font name="Menu.font" value="Tahoma,0,11"/>



  <!--
    Icons
  -->
  <icon name="InternalFrame.icon" value="icons/window.png"/>

  <icon name="FileView.directoryIcon" value="icons/treeclosed.png"/>
  <icon name="FileView.fileIcon" value="icons/file.png"/>
  <icon name="FileView.computerIcon" value="icons/computer.png"/>
  <icon name="FileView.hardDriveIcon" value="icons/drivehd.png"/>
  <icon name="FileView.floppyDriveIcon" value="icons/drivefd.png"/>

  <icon name="FileChooser.newFolderIcon" value="icons/foldernew.png"/>
  <icon name="FileChooser.upFolderIcon" value="icons/folderup.png"/>
  <icon name="FileChooser.homeFolderIcon" value="icons/home.png"/>

  <icon name="Tree.openIcon" value="icons/treeopen.png"/>
  <icon name="Tree.closedIcon" value="icons/treeclosed.png"/>
  <icon name="Tree.leafIcon" value="icons/treeleaf.png"/>
  <icon name="Tree.expandedIcon" value="icons/treeexpanded.png"/>
  <icon name="Tree.collapsedIcon" value="icons/treecollapsed.png"/>  

  <icon name="OptionPane.errorIcon" value="icons/msgerr.png"/>
  <icon name="OptionPane.informationIcon" value="icons/msginfo.png"/>
  <icon name="OptionPane.warningIcon" value="icons/msgwarn.png"/>
  <icon name="OptionPane.questionIcon" value="icons/msgquest.png"/>

  <!--
    Borders
  -->
<!--
  <property name="TextField.border" type="LineBorder" color="#8AA7BE" padding="2"/>
  <property name="PasswordField.border" type="LineBorder" color="#8AA7BE" padding="2"/>
  <property name="TextArea.border" type="EmptyBorder" value="2,2,2,2"/>
  <property name="EditorPane.border" type="EmptyBorder" value="2,2,2,2"/>
  <property name="TextPane.border" type="EmptyBorder" value="2,2,2,2"/>
-->
  <property name="TextField.border" type="LineBorder" color="#E84F16" padding="2"/>
  <property name="PasswordField.border" type="LineBorder" color="#E84F16" padding="2"/>

  <property name="TextArea.border" type="EmptyBorder" value="2,2,2,2"/>
  <property name="EditorPane.border" type="EmptyBorder" value="2,2,2,2"/>
  <property name="TextPane.border" type="EmptyBorder" value="2,2,2,2"/>
  <property name="List.border" type="EmptyBorder" value="0,0,0,0"/>
  <property name="Table.border" type="EmptyBorder" value="0,0,0,0"/>
  <property name="Tree.border" type="EmptyBorder" value="0,0,0,0"/>

  <property name="ScrollPane.border" type="LineBorder" color="#8AA7BE" padding="0"/>
  <property name="Spinner.border" type="LineBorder" color="#8AA7BE" padding="0"/>
  <property name="PopupMenu.border" type="LineBorder" color="#ffcc00" padding="2"/>
<!--

  <property name="PopupMenu.border" type="LineBorder" color="#8AA7BE" padding="2"/>
-->

<!--
  Colors :
-->
<!--
  	        "desktop", "#005C5C", /* Color of the desktop background */
	  "activeCaption", "#000080", /* Color for captions (title bars) when they are active. */
      "activeCaptionText", "#FFFFFF", /* Text color for text in captions (title bars). */
    "activeCaptionBorder", "#C0C0C0", /* Border color for caption (title bar) window borders. */
        "inactiveCaption", "#808080", /* Color for captions (title bars) when not active. */
    "inactiveCaptionText", "#C0C0C0", /* Text color for text in inactive captions (title bars). */
  "inactiveCaptionBorder", "#C0C0C0", /* Border color for inactive caption (title bar) window borders. */
-->
<property name="window" type="Color" value="#FFFFFF" /> <!-- Default color for the interior of windows -->
<property name="windowBorder" type="Color" value="#000000" /> <!-- ??? -->
<property name="windowText" type="Color" value="#FFCC00" /> <!-- ??? -->
<property name="menu" type="Color" value="#590508" /> <!-- Background color for menus -->
<property name="menuText" type="Color" value="#FFCC00" /> <!-- Text color for menus  -->
<property name="text" type="Color" value="#590508" /> <!-- Text background color -->
<property name="textText" type="Color" value="#FFCC00" /> <!-- Text foreground color -->
<property name="textHighlight" type="Color" value="#A0090D" /> <!-- Text background color when selected -->
<property name="textHighlightText" type="Color" value="#FFFFFF" /> <!-- Text color when selected -->
<property name="textInactiveText" type="Color" value="#C0C0C0" /> <!-- Text color when disabled -->

<property name="EditorPane.background" type="Color" value="#590508"/>
<property name="TextPane.background" type="Color" value="#590508"/>

<property name="controlHighlight" type="Color" value="#C83F12" /> <!-- Specular highlight (opposite of the shadow) -->
<property name="controlLtHighlight" type="Color" value="#E84F16" /> <!-- Highlight color for controls -->
<property name="controlShadow" type="Color" value="#A0090D" /> <!-- Shadow color for controls -->
<property name="controlDkShadow" type="Color" value="#590508" /> <!-- Dark shadow color for controls -->

<property name="Separator.background" type="Color" value="#C09000" /> <!-- controlLtHighlight -->
<property name="Separator.foreground" type="Color" value="#590508" /> <!-- controlShadow, -->

<property name="Spinner.border" type="LineBorder" color="#E84F16" padding="1"/>
<!--
<property name="Spinner.arrowButtonBorder" type="LineBorder" color="#E84F16" padding="1" />
<property name="Spinner.background" type="Color" value="#590508" />
<property name="Spinner.foreground" type="Color" value="#FFCC00" />
	        "control", "#C0C0C0", /* Default color for controls (buttons, sliders, etc) */
	    "controlText", "#000000", /* Default color for text in controls */
       "controlHighlight", "#C0C0C0", /* Specular highlight (opposite of the shadow) */
     "controlLtHighlight", "#FFFFFF", /* Highlight color for controls */
	  "controlShadow", "#808080", /* Shadow color for controls */
        "controlDkShadow", "#000000", /* Dark shadow color for controls */
	      "scrollbar", "#E0E0E0", /* Scrollbar background (usually the "track") */
		   "info", "#FFFFE1", /* ??? */
	       "infoText", "#000000"  /* ??? */ 

  <property name="Menu.selectionForeground" type="Color" value="#666666"/>
  <property name="MenuItem.selectionForeground" type="Color" value="#666666"/>

-->

  <property name="Menu.selectionForeground" type="Color" value="#ffcc00"/>
  <property name="MenuItem.selectionForeground" type="Color" value="#ffcc00"/>
  <property name="CheckBoxMenuItem.selectionForeground" type="Color" value="#666666"/>
  <property name="RadioButtonMenuItem.selectionForeground" type="Color" value="#666666"/>




<!--
  <property name="Button.foreground" type="Color" value="#FFCC00"/>
-->

  <!--
    Skin Definition
  -->
  <skin>
    <skin url="gtk/gtkrc"></skin>
    <skin url="kde/kde.themerc"></skin>
  </skin>

</skinlf-themepack>
